{"cameraMode":{"drawMode":0,"name":"Shaded","section":"Shading Mode"},"sceneLighting":true,"audioPlay":false,"sceneViewState":{"m_AlwaysRefresh":false,"showFog":true,"showSkybox":true,"showFlares":true,"showImageEffects":true,"showParticleSystems":true,"showVisualEffectGraphs":true,"m_FxEnabled":true},"in2DMode":false,"pivot":{"x":6.051364421844482,"y":3.3703994750976564,"z":-10.776382446289063},"rotation":{"x":-0.04378845542669296,"y":0.018579037860035898,"z":-0.0008128066547214985,"w":-0.9988793134689331},"size":9.727982521057129,"orthographic":false}